{"objective value": 0.8745836582294383, "sensor locations": [], "value": {"q0": 0.7800253690282125, "q1": 0.8238124141891838, "q2": 0.818000687088225, "q3": 0.8130528858895997, "q4": 0.8130528858895997, "q5": 0.8666315609225371, "q6": 0.8726582059915395, "q7": 0.8659247321798765, "q8": 0.8726582059915395, "q9": 0.9300699300699301, "q10": 0.8726582059915395, "q11": 0.9300699300699301, "q12": 1.0, "q13": 0.9300699300699302, "q14": 0.9300699300699302}, "args": {"gamma": 0.95, "lower_bound": -1, "upper_bound": 1, "nu": "1, 1, 1, 1, 1, 1, 1, 1, 1, 1, 1, 1, 1, 1, 1", "num_ids": 0, "save_dir": "D:\\cybersecurity\\IRL\\IRL_modified", "save": true}}