{"objective value": 0.2402539813362233, "sensor locations": ["q5", "q8"], "value": {"q0": 0.5055341657677501, "q1": 0.6032671714071345, "q2": 0.6740207285474773, "q3": 1.9081958235744878e-17, "q4": 1.9081958235744878e-17, "q5": 2.0816681711721685e-17, "q6": 0.8209876543209875, "q7": 1.9081958235744878e-17, "q8": 4.85722573273506e-17, "q9": 0.0, "q10": 0.0, "q11": 1.0, "q12": 0.0, "q13": 0.0, "q14": 0.0}, "args": {"gamma": 0.95, "lower_bound": -1, "upper_bound": 1, "nu": null, "num_ids": 2, "save_dir": "D:\\cybersecurity\\IRL\\IRL_modified", "save": true}}