{"objective value": 0.4739275351907281, "sensor locations": [[0, 5], [3, 5], [5, 5], [7, 5]], "value": {"q0": 0.2708222574258782, "q1": 0.28365606507997676, "q2": 0.2991113434743091, "q3": 0.3064373962889531, "q4": 0.29119467505370605, "q5": 0.0, "q6": 0.793479646619416, "q7": 0.8531397704253872, "q8": 0.28843473153202087, "q9": 0.3044218450401501, "q10": 0.323342895081559, "q11": 0.33431396789279855, "q12": 0.3222355461501683, "q13": 0.9300699300699292, "q14": 0.30669574341426553, "q15": 0.32668200488378213, "q16": 0.3493579575016746, "q17": 0.36438953386056744, "q18": 0.3438755494722492, "q19": 0.26667899754990737, "q20": 1.0, "q21": 0.3254728034312688, "q22": 0.3506681992530236, "q23": 0.377263553730233, "q24": 0.39940414904779487, "q25": 0.3818771184154231, "q26": 0.0, "q27": 0.8421752446319641, "q28": 0.9154635246181396, "q29": 0.34087233327351185, "q30": 0.3735842128174019, "q31": 0.4065838257103253, "q32": 0.4379347417549458, "q33": 0.4720778491146969, "q34": 0.5291161325372838, "q35": 0.7956633571989232, "q36": 0.8421752446319641, "q37": 0.32322075270865863, "q38": 0.43226081429282975, "q39": 0.47026383923666193, "q40": 0.46174127440845836, "q41": 0.0, "q42": 0.8112761204113136, "q43": 0.8351790857300259, "q44": 0.3475230649423925, "q45": 0.5155917918747798, "q46": 0.5736472127525197, "q47": 0.665, "q48": 1.0, "q49": 0.9030965697065941, "q50": 0.3736526186974597, "q51": 0.4073459906447833, "q52": 0.437973508738376, "q53": 0.4709038477412612, "q54": 0.46051986771448705, "q55": 9.992007221626409e-16, "q56": 0.8142544994600266, "q57": 0.8356740350180044}, "args": {"gamma": 0.95, "lower_bound": -1, "upper_bound": 1, "nu": null, "num_ids": 4, "save_dir": "D:\\cybersecurity\\IRL\\IRL_modified", "save": true}}