{"objective value": 0.38319137998031594, "sensor locations": ["q8"], "value": {"q0": 0.6311197751737058, "q1": 0.680401569014045, "q2": 0.6740207285474773, "q3": 0.6032671714071344, "q4": 0.6032671714071344, "q5": 0.734806629834254, "q6": 0.8209876543209875, "q7": 0.0, "q8": 0.0, "q9": 0.0, "q10": 0.0, "q11": 1.0, "q12": 0.0, "q13": 0.0, "q14": 0.0}, "args": {"gamma": 0.95, "lower_bound": -1, "upper_bound": 1, "nu": null, "num_ids": 1, "save_dir": "D:\\cybersecurity\\IRL\\IRL_modified", "save": true}}